"month","aveTemperature"
"January",6.02684563758389
"February",5.89380530973451
"March",7.54838709677419
"April",10.875
"May",13.3064516129032
"June",15.9666666666667
"July",18.8387096774194
"August",18.3709677419355
"September",16.2583333333333
"October",13.4596774193548
"November",9.19166666666667
"December",7.01612903225806

